{
  "mae_EUR_MWh": 3.993,
  "rmse_EUR_MWh": 10.908,
  "mape_pct": 1696.34,
  "r2": 0.9622,
  "n_test": 53092,
  "feature_importances": {
    "lag_1": 0.99532,
    "lag_4": 0.00179,
    "hour_sin": 0.00128,
    "hour_cos": 0.00069,
    "month_cos": 0.00015,
    "lag_8": 0.00013,
    "lag_96": 0.00012,
    "lag_12": 9e-05,
    "is_weekend": 5e-05,
    "dow_sin": 5e-05,
    "roll_4h_mean": 5e-05,
    "lag_672": 4e-05,
    "roll_7d_mean": 4e-05,
    "lag_2": 3e-05,
    "roll_24h_std": 3e-05,
    "lag_3": 3e-05,
    "lag_48": 3e-05,
    "lag_24": 3e-05,
    "roll_24h_mean": 2e-05,
    "lag_192": 2e-05,
    "dow_cos": 2e-05,
    "season": 1e-05,
    "month_sin": 1e-05,
    "is_holiday": 0.0
  },
  "y_test_sample": [
    94.88,
    94.88,
    94.88,
    94.88,
    84.32,
    84.32,
    84.32,
    84.32,
    78.19,
    78.19,
    78.19,
    78.19,
    78.01,
    78.01,
    78.01,
    78.01,
    75.63,
    75.63,
    75.63,
    75.63,
    80.82,
    80.82,
    80.82,
    80.82,
    122.19,
    122.19,
    122.19,
    122.19,
    141.3,
    141.3,
    141.3,
    141.3,
    142.36,
    142.36,
    142.36,
    142.36,
    115.57,
    115.57,
    115.57,
    115.57,
    107.01,
    107.01,
    107.01,
    107.01,
    91.67,
    91.67,
    91.67,
    91.67,
    77.38,
    77.38,
    77.38,
    77.38,
    69.9,
    69.9,
    69.9,
    69.9,
    39.92,
    39.92,
    39.92,
    39.92,
    34.61,
    34.61,
    34.61,
    34.61,
    37.63,
    37.63,
    37.63,
    37.63,
    62.2,
    62.2,
    62.2,
    62.2,
    78.04,
    78.04,
    78.04,
    78.04,
    102.47,
    102.47,
    102.47,
    102.47,
    166.79,
    166.79,
    166.79,
    166.79,
    129.1,
    129.1,
    129.1,
    129.1,
    107.51,
    107.51,
    107.51,
    107.51,
    87.88,
    87.88,
    87.88,
    87.88
  ],
  "y_pred_sample": [
    83.84460442788057,
    93.79891385720825,
    93.79891385720825,
    93.79891385720825,
    88.38029269324633,
    84.29767102053586,
    84.29767102053586,
    84.29767102053586,
    81.55595107898033,
    78.61808705383248,
    78.60720073967211,
    78.60720073967211,
    76.60261944544152,
    76.91989813139988,
    76.91989813139988,
    76.91989813139988,
    77.69331145310849,
    75.00185629328287,
    75.00185629328287,
    75.00185629328287,
    81.36849951820685,
    80.77648051998614,
    80.77648051998614,
    80.77648051998614,
    99.63146643065821,
    120.93888341179238,
    120.94976972595275,
    121.04319269344971,
    137.2720779960012,
    141.76505089963428,
    141.76505089963428,
    141.76505089963428,
    140.15242159663043,
    141.3060929629644,
    141.3186259054149,
    141.3186259054149,
    127.43484064132998,
    115.44474346824077,
    115.44474346824077,
    115.45282889451435,
    103.87900298041558,
    106.33925790096472,
    106.33925790096472,
    106.33925790096472,
    100.62533467954982,
    91.85878006831746,
    91.8777205041098,
    91.76049605996292,
    85.44369044360003,
    76.9360705626131,
    77.01689919455464,
    77.01689919455464,
    69.85412842630764,
    69.68987976867874,
    69.68987976867874,
    69.68987976867874,
    68.70489857672585,
    41.38304834322061,
    41.22763042542399,
    40.96642607902892,
    43.759304757716116,
    34.20421591120638,
    34.41419083071019,
    34.41419083071019,
    44.46882556007069,
    38.51985950054739,
    38.62687487703856,
    38.62687487703856,
    54.0615389328184,
    63.38706355580324,
    63.625739691182176,
    63.721339874740806,
    81.75036541914632,
    77.89090428714773,
    77.85106081790195,
    77.85106081790195,
    92.06623231146636,
    102.81295479698707,
    102.76394712898251,
    102.8090046069773,
    105.16108417655263,
    163.68848463461964,
    163.72882504586335,
    163.72882504586335,
    160.2950292384338,
    132.02717369107893,
    131.98683327983522,
    131.98683327983522,
    121.0302050166432,
    108.522369373242,
    108.522369373242,
    108.522369373242,
    97.26040304454118,
    88.3403474828203,
    88.3403474828203,
    88.29174520359064
  ]
}